{
  "bytes": 25033170,
  "contributors": [
    {
      "email": "hello@santimartin.eu",
      "title": "Santiago Martin"
    }
  ],
  "datahub": {
    "created": "2017-11-09T01:16:08.246580",
    "findability": "published",
    "flowid": "core/population-city/7",
    "modified": "2018-03-15T06:40:01.079836",
    "owner": "core",
    "ownerid": "core"
  },
  "description": "City population yearly timeseries for female and male, and for both sexes, collected by the United Nations Statistics Division and published by UNData in 22 Dec 2014\r\n\r\nNext update in UNdata: Jun 2015 (est.)\r\nPeriodicity: biannual.\r\n\r\nContains two datasets in CSV format:\t\r\nunsd-citypopulation-year-both.csv\t\tSize: 2.4 MB\t\r\nunsd-citypopulation-year-fm.csv\t\tFile size: 3.7 MB\r\n\r\nFinal 222 lines in both datasets contain original notes.",
  "hash": "9fd12ca52184b2be57ff76390c87b2d2",
  "id": "core/population-city",
  "licenses": [
    {
      "id": "ODC-PDDL-1.0",
      "title": "Open Data Commons Public Domain Dedication and Licence 1.0",
      "url": "http://www.opendefinition.org/licenses/odc-pddl"
    }
  ],
  "name": "population-city",
  "resources": [
    {
      "bytes": 2369352,
      "datahub": {
        "type": "original"
      },
      "dpp:streamedFrom": "https://s3.amazonaws.com/rawstore.datahub.io/7e8ca4f40d417f0eadca0ff15750d25f.csv",
      "encoding": "UTF-8",
      "format": "csv",
      "mediatype": "text/csv",
      "name": "unsd-citypopulation-year-both_original",
      "path": "archive/unsd-citypopulation-year-both.csv",
      "profile": "data-resource",
      "schema": {
        "fields": [
          {
            "name": "Country or Area",
            "type": "string"
          },
          {
            "name": "Year",
            "type": "string"
          },
          {
            "name": "Area",
            "type": "string"
          },
          {
            "name": "Sex",
            "type": "string"
          },
          {
            "name": "City",
            "type": "string"
          },
          {
            "name": "City type",
            "type": "string"
          },
          {
            "name": "Record Type",
            "type": "string"
          },
          {
            "name": "Reliability",
            "type": "string"
          },
          {
            "name": "Source Year",
            "type": "string"
          },
          {
            "name": "Value",
            "type": "string"
          },
          {
            "name": "Value Footnotes",
            "type": "string"
          }
        ]
      }
    },
    {
      "bytes": 3736975,
      "datahub": {
        "type": "original"
      },
      "dpp:streamedFrom": "https://s3.amazonaws.com/rawstore.datahub.io/11a5a8ae5e221738652d14092467b028.csv",
      "encoding": "UTF-8",
      "format": "csv",
      "mediatype": "text/csv",
      "name": "unsd-citypopulation-year-fm_original",
      "path": "archive/unsd-citypopulation-year-fm.csv",
      "profile": "data-resource",
      "schema": {
        "fields": [
          {
            "name": "Country or Area",
            "type": "string"
          },
          {
            "name": "Year",
            "type": "string"
          },
          {
            "name": "Area",
            "type": "string"
          },
          {
            "name": "Sex",
            "type": "string"
          },
          {
            "name": "City",
            "type": "string"
          },
          {
            "name": "City type",
            "type": "string"
          },
          {
            "name": "Record Type",
            "type": "string"
          },
          {
            "name": "Reliability",
            "type": "string"
          },
          {
            "name": "Source Year",
            "type": "string"
          },
          {
            "name": "Value",
            "type": "string"
          },
          {
            "name": "Value Footnotes",
            "type": "string"
          }
        ]
      }
    },
    {
      "bytes": 1405,
      "datahub": {
        "type": "derived/report"
      },
      "description": "Validation report for tabular data",
      "dpp:streamedFrom": "/tmp/tmpn6zfkq4z/core/population-city/validation_report/data/18953cb78808d14e9883f0f700e9db03/validation_report.json",
      "encoding": "utf-8",
      "format": "json",
      "hash": "18953cb78808d14e9883f0f700e9db03",
      "name": "validation_report",
      "path": "data/validation_report.json",
      "profile": "data-resource"
    },
    {
      "bytes": 2180775,
      "datahub": {
        "derivedFrom": [
          "unsd-citypopulation-year-both"
        ],
        "type": "derived/csv"
      },
      "dialect": {
        "delimiter": ",",
        "doubleQuote": true,
        "lineTerminator": "\r\n",
        "quoteChar": "\"",
        "skipInitialSpace": false
      },
      "dpp:streamedFrom": "/tmp/tmpn6zfkq4z/core/population-city/unsd-citypopulation-year-both_csv/data/72bffcc522e04029d93dd8c236c44fad/unsd-citypopulation-year-both_csv.csv",
      "encoding": "utf-8",
      "format": "csv",
      "hash": "72bffcc522e04029d93dd8c236c44fad",
      "mediatype": "text/csv",
      "name": "unsd-citypopulation-year-both_csv",
      "path": "data/unsd-citypopulation-year-both_csv.csv",
      "profile": "data-resource",
      "rowcount": 17223,
      "schema": {
        "fields": [
          {
            "name": "Country or Area",
            "type": "string"
          },
          {
            "name": "Year",
            "type": "string"
          },
          {
            "name": "Area",
            "type": "string"
          },
          {
            "name": "Sex",
            "type": "string"
          },
          {
            "name": "City",
            "type": "string"
          },
          {
            "name": "City type",
            "type": "string"
          },
          {
            "name": "Record Type",
            "type": "string"
          },
          {
            "name": "Reliability",
            "type": "string"
          },
          {
            "name": "Source Year",
            "type": "string"
          },
          {
            "name": "Value",
            "type": "string"
          },
          {
            "name": "Value Footnotes",
            "type": "string"
          }
        ]
      },
      "signed": true
    },
    {
      "bytes": 3423631,
      "datahub": {
        "derivedFrom": [
          "unsd-citypopulation-year-fm"
        ],
        "type": "derived/csv"
      },
      "dialect": {
        "delimiter": ",",
        "doubleQuote": true,
        "lineTerminator": "\r\n",
        "quoteChar": "\"",
        "skipInitialSpace": false
      },
      "dpp:streamedFrom": "/tmp/tmpn6zfkq4z/core/population-city/unsd-citypopulation-year-fm_csv/data/8b8d4d72dbf1a503bc3e241b394ce301/unsd-citypopulation-year-fm_csv.csv",
      "encoding": "utf-8",
      "format": "csv",
      "hash": "8b8d4d72dbf1a503bc3e241b394ce301",
      "mediatype": "text/csv",
      "name": "unsd-citypopulation-year-fm_csv",
      "path": "data/unsd-citypopulation-year-fm_csv.csv",
      "profile": "data-resource",
      "rowcount": 28528,
      "schema": {
        "fields": [
          {
            "name": "Country or Area",
            "type": "string"
          },
          {
            "name": "Year",
            "type": "string"
          },
          {
            "name": "Area",
            "type": "string"
          },
          {
            "name": "Sex",
            "type": "string"
          },
          {
            "name": "City",
            "type": "string"
          },
          {
            "name": "City type",
            "type": "string"
          },
          {
            "name": "Record Type",
            "type": "string"
          },
          {
            "name": "Reliability",
            "type": "string"
          },
          {
            "name": "Source Year",
            "type": "string"
          },
          {
            "name": "Value",
            "type": "string"
          },
          {
            "name": "Value Footnotes",
            "type": "string"
          }
        ]
      },
      "signed": true
    },
    {
      "bytes": 5084820,
      "datahub": {
        "derivedFrom": [
          "unsd-citypopulation-year-both"
        ],
        "type": "derived/json"
      },
      "dpp:streamedFrom": "/tmp/tmpn6zfkq4z/core/population-city/unsd-citypopulation-year-both_json/data/063b2f68e9867349c11dd88bb311c0d9/unsd-citypopulation-year-both_json.json",
      "encoding": "utf-8",
      "format": "json",
      "hash": "063b2f68e9867349c11dd88bb311c0d9",
      "mediatype": "text/csv",
      "name": "unsd-citypopulation-year-both_json",
      "path": "data/unsd-citypopulation-year-both_json.json",
      "profile": "data-resource",
      "rowcount": 17223,
      "schema": {
        "fields": [
          {
            "name": "Country or Area",
            "type": "string"
          },
          {
            "name": "Year",
            "type": "string"
          },
          {
            "name": "Area",
            "type": "string"
          },
          {
            "name": "Sex",
            "type": "string"
          },
          {
            "name": "City",
            "type": "string"
          },
          {
            "name": "City type",
            "type": "string"
          },
          {
            "name": "Record Type",
            "type": "string"
          },
          {
            "name": "Reliability",
            "type": "string"
          },
          {
            "name": "Source Year",
            "type": "string"
          },
          {
            "name": "Value",
            "type": "string"
          },
          {
            "name": "Value Footnotes",
            "type": "string"
          }
        ]
      },
      "signed": true
    },
    {
      "bytes": 8234599,
      "datahub": {
        "derivedFrom": [
          "unsd-citypopulation-year-fm"
        ],
        "type": "derived/json"
      },
      "dpp:streamedFrom": "/tmp/tmpn6zfkq4z/core/population-city/unsd-citypopulation-year-fm_json/data/b0b3bda5ddca83625401ab6a51e3683b/unsd-citypopulation-year-fm_json.json",
      "encoding": "utf-8",
      "format": "json",
      "hash": "b0b3bda5ddca83625401ab6a51e3683b",
      "mediatype": "text/csv",
      "name": "unsd-citypopulation-year-fm_json",
      "path": "data/unsd-citypopulation-year-fm_json.json",
      "profile": "data-resource",
      "rowcount": 28528,
      "schema": {
        "fields": [
          {
            "name": "Country or Area",
            "type": "string"
          },
          {
            "name": "Year",
            "type": "string"
          },
          {
            "name": "Area",
            "type": "string"
          },
          {
            "name": "Sex",
            "type": "string"
          },
          {
            "name": "City",
            "type": "string"
          },
          {
            "name": "City type",
            "type": "string"
          },
          {
            "name": "Record Type",
            "type": "string"
          },
          {
            "name": "Reliability",
            "type": "string"
          },
          {
            "name": "Source Year",
            "type": "string"
          },
          {
            "name": "Value",
            "type": "string"
          },
          {
            "name": "Value Footnotes",
            "type": "string"
          }
        ]
      },
      "signed": true
    },
    {
      "bytes": 1613,
      "dpp:streamedFrom": "/tmp/tmpi7ql731d/README.md",
      "format": "md",
      "name": "readme",
      "path": "README.md"
    }
  ],
  "sources": [
    {
      "name": "UNData: UNSD Demographic Statistics",
      "path": "http://data.un.org/Data.aspx?d=POP&f=tableCode:240",
      "title": "UNData: UNSD Demographic Statistics"
    }
  ],
  "title": "City Population Annual Timeseries (UN Statistics Division)"
}